<?xml version="1.0" encoding="utf-8"?>
<prefix name="photo" label="Photo" language_tag="en" language_label="English"><key name="accepted_filesize"><value>Maximum file size</value></key><key name="accepted_filesize_desc"><value>The photo cannot be uploaded if the size limit is exceeded. The possible limit is &lt;b&gt;&lt;i&gt;0.5&lt;/i&gt;&lt;/b&gt; Mb</value></key><key name="activity_string"><value>&lt;a href="{$userUrl}"&gt;{$user}&lt;/a&gt; uploaded new &lt;a href="{$url}"&gt;photo&lt;/a&gt;.</value></key><key name="activity_string_multiple"><value>&lt;a href="{$userUrl}"&gt;{$user}&lt;/a&gt; added {$count} photos to &lt;a href="{$albumUrl}"&gt;{$albumName}&lt;/a&gt; album</value></key><key name="add_description"><value>Add description</value></key><key name="add_new"><value>Add new</value></key><key name="add_photos"><value>Add photos</value></key><key name="add_tags"><value>Add tags</value></key><key name="admin_config"><value>Photo - Plugin Settings</value></key><key name="admin_menu_general"><value>General</value></key><key name="admin_menu_view"><value>View settings</value></key><key name="advanced_upload"><value>Advanced upload</value></key><key name="advanced_upload_add_more"><value>NO</value></key><key name="advanced_upload_browse"><value>ADD PHOTOS</value></key><key name="advanced_upload_complete"><value>COMPLETE</value></key><key name="advanced_upload_confirm"><value>PROCEED WITH UPLOADING PHOTOS?</value></key><key name="advanced_upload_desc"><value>Enable advanced Adobe Flash uploader to let users choose any number of files, resize, rotate photos before upload</value></key><key name="advanced_upload_processing"><value>PROCESSING</value></key><key name="advanced_upload_upload"><value>UPLOAD</value></key><key name="advanced_upload_uploading"><value>UPLOADING</value></key><key name="advanced_upload_yes"><value>YES</value></key><key name="album"><value>Album</value></key><key name="albums_by"><value>albums by</value></key><key name="album_by"><value>Album by</value></key><key name="album_deleted"><value>Album deleted</value></key><key name="album_delete_not_allowed"><value>You are not allowed to delete photo albums</value></key><key name="album_desc"><value>Description</value></key><key name="album_my_photos"><value>My Photos</value></key><key name="album_name"><value>Album Name</value></key><key name="album_quota"><value>Maximum number of photos per album</value></key><key name="album_quota_desc"><value>Keep this number reasonably big</value></key><key name="album_quota_exceeded"><value>You have exceeded the limit of {$limit} photos in album</value></key><key name="album_updated"><value>updated</value></key><key name="approve_photo"><value>Approve</value></key><key name="are_you_sure"><value>Are you sure?</value></key><key name="auth_action_label_add_comment"><value>Comment photo</value></key><key name="auth_action_label_delete_comment_by_content_owner"><value>The content owner can delete comments</value></key><key name="auth_action_label_upload"><value>Upload photo</value></key><key name="auth_action_label_view"><value>View photo</value></key><key name="auth_edit_permissions"><value>You cannot edit the photo content due to limited permissions</value></key><key name="auth_group_label"><value>Photo</value></key><key name="auth_upload_permissions"><value>You are not allowed to upload photo</value></key><key name="auth_view_permissions"><value>You cannot view the page content due to limited permissions</value></key><key name="btn_edit"><value>Save</value></key><key name="btn_upload"><value>Upload</value></key><key name="check_all"><value>Check all</value></key><key name="choose_album"><value>Choose album</value></key><key name="choose_existing_or_create"><value>Choose existing Album or create new one</value></key><key name="close_alert"><value>If you close the window - all data will be lost. Continue?</value></key><key name="cmp_widget_photo_albums_count"><value>The number of Photo Albums</value></key><key name="cmp_widget_photo_albums_show_titles"><value>Show Photo Albums' titles</value></key><key name="cmp_widget_photo_count"><value>Number of photos to show</value></key><key name="comments_count"><value>comments</value></key><key name="comment_activity_string"><value>&lt;a href="{$commentorUrl}"&gt;{$commentor}&lt;/a&gt; commented on &lt;a href="{$ownerUrl}"&gt;{$owner}&lt;/a&gt;'s &lt;a href="{$url}"&gt;photo&lt;/a&gt;</value></key><key name="comment_count"><value>Comments:</value></key><key name="confirm_delete"><value>Are you sure you want to delete this photo?</value></key><key name="confirm_delete_album"><value>Are you sure you want to delete this photo album?</value></key><key name="confirm_delete_photos"><value>Are you sure you want to remove ALL user photos?</value></key><key name="content_add_string"><value>added new photo</value></key><key name="content_edited_string"><value>edited their photo</value></key><key name="content_group_label"><value>Photos</value></key><key name="content_photo_label"><value>photo</value></key><key name="cover_original"><value>Original cover</value></key><key name="cover_preview"><value>Preview cover</value></key><key name="create_album"><value>Create album</value></key><key name="crop_photo_title"><value>Crop album cover</value></key><key name="delete_album"><value>Delete Album</value></key><key name="delete_content"><value>Delete content and uninstall plugin</value></key><key name="delete_content_desc"><value>Before uninstalling photo plugin we have to remove all existing user photo content. This may take awhile. That is why we will put the site to "maintenance mode" and activate it back upon completing the uninstall.</value></key><key name="delete_content_warning"><value>Warning</value></key><key name="delete_fullsize_confirm"><value>Are you sure you want to delete full-size photos?</value></key><key name="delete_fullsize_photos"><value>Delete full-size photos ({$count})</value></key><key name="delete_photo"><value>Delete</value></key><key name="delete_selected"><value>Delete Selected</value></key><key name="describe_photo"><value>Description text...</value></key><key name="describe_photos"><value>Describe your photos</value></key><key name="description"><value>Description</value></key><key name="description_desc"><value>Add short description about these photos</value></key><key name="dnd_not_support"><value>Click to browse photos</value></key><key name="dnd_support"><value>Drag &amp; Drop photos here or click to browse</value></key><key name="done"><value>Done</value></key><key name="download_accept_label"><value>Allow users download photos</value></key><key name="download_photo"><value>Download</value></key><key name="drop_here"><value>Drop photos to start upload</value></key><key name="edit_album"><value>Edit Album</value></key><key name="edit_cover_label"><value>Edit Cover</value></key><key name="effects"><value>Effects</value></key><key name="effect_fade"><value>fade</value></key><key name="effect_slide"><value>slide</value></key><key name="email_notifications_comment"><value>&lt;a href="{$userUrl}"&gt;{$userName}&lt;/a&gt; commented on your &lt;a href="{$photoUrl}"&gt;photo&lt;/a&gt;.</value></key><key name="email_notifications_section_label"><value>Photo</value></key><key name="email_notifications_setting_comment"><value>Someone comments on my photo</value></key><key name="enable_advanced_upload"><value>Enable advanced upload</value></key><key name="error_cant_write"><value>Failed to write file to disk</value></key><key name="error_extension"><value>A PHP extension stopped the file upload. PHP does not provide a way to ascertain which extension caused the file upload to stop; examining the list of loaded extensions with phpinfo() may help</value></key><key name="error_form_size"><value>The uploaded file exceeds the MAX_FILE_SIZE directive that was specified in the HTML form</value></key><key name="error_ini_size"><value>The uploaded file exceeds the upload_max_filesize directive in php.ini</value></key><key name="error_no_file"><value>No file was uploaded</value></key><key name="error_no_tmp_dir"><value>Missing a temporary folder</value></key><key name="error_partial"><value>The uploaded file was only partially uploaded</value></key><key name="feed_activity_owner_photo_like"><value>liked their photo</value></key><key name="feed_activity_owner_photo_string"><value>commented on their photo</value></key><key name="feed_activity_photo_string"><value>commented on {$user}'s photo</value></key><key name="feed_activity_photo_string_like"><value>liked {$user}'s photo</value></key><key name="feed_content_label"><value>Photo</value></key><key name="feed_goto_album_label"><value></value></key><key name="feed_more_items"><value>and {$moreCount} more</value></key><key name="feed_move_photo_descriptions"><value>uploaded &lt;a href="{$albumUrl}"&gt; {$number}&lt;/a&gt; new photos</value></key><key name="feed_multiple_descriptions"><value>uploaded {$number} new photos to &lt;a href="{$albumUrl}"&gt;{$albumName}&lt;/a&gt; album</value></key><key name="feed_single_description"><value>uploaded {$number} new photo to &lt;a href="{$albumUrl}"&gt;{$albumName}&lt;/a&gt; album</value></key><key name="file_size_validation_error"><value>Value is incorrect or greater than server limit</value></key><key name="flags"><value>Photo</value></key><key name="fullsize_resolution"><value>Fullsize limit</value></key><key name="fullsize_resolution_desc"><value>All photos larger than this size (X or Y) will be resized down to this limit for storage.</value></key><key name="height_validation_error"><value>Height must be a valid integer between {$min} and {$max}</value></key><key name="main_size"><value>Main image size</value></key><key name="main_size_desc"><value>The photo size to display on page</value></key><key name="mark_featured"><value>Mark as Featured</value></key><key name="menu_albums"><value>Albums</value></key><key name="menu_explore"><value>Explore</value></key><key name="menu_featured"><value>Featured</value></key><key name="menu_latest"><value>Latest</value></key><key name="menu_most_discussed"><value>Most Discussed</value></key><key name="menu_my_photos"><value>My photos</value></key><key name="menu_photos"><value>Photos</value></key><key name="menu_tagged"><value>Browse by tags</value></key><key name="menu_toprated"><value>Top Rated</value></key><key name="meta_description_photo_featured"><value>Featured photos uploaded by members of {$site_name}.</value></key><key name="meta_description_photo_latest"><value>Recently uploaded photos by members of {$site_name}.</value></key><key name="meta_description_photo_most_discussed"><value>Most Discussed photos uploaded by members of {$site_name}.</value></key><key name="meta_description_photo_tagged"><value>Browse photos by tags: {$topTags}, and others.</value></key><key name="meta_description_photo_tagged_as"><value>View photos tagged as '{$tag}'.</value></key><key name="meta_description_photo_toprated"><value>Most highly rated photos uploaded by members of {$site_name}.</value></key><key name="meta_description_photo_upload"><value>Upload new photos to {$site_name}.</value></key><key name="meta_description_photo_useralbum"><value>{$number} photos by {$displayName}.</value></key><key name="meta_description_photo_useralbums"><value>Photo albums by {$displayName} - {$albums}, and others.</value></key><key name="meta_description_photo_view"><value>{$title} - photo tagged as {$tags}.</value></key><key name="meta_title_photo_featured"><value>Featured photos - {$site_name}</value></key><key name="meta_title_photo_latest"><value>Latest photos - {$site_name}</value></key><key name="meta_title_photo_most_discussed"><value>Most Discussed photos - {$site_name}</value></key><key name="meta_title_photo_tagged"><value>Browse photos by tags - {$site_name}</value></key><key name="meta_title_photo_tagged_as"><value>'{$tag}' photos - {$site_name}</value></key><key name="meta_title_photo_toprated"><value>Top rated photos - {$site_name}</value></key><key name="meta_title_photo_upload"><value>Upload photos - {$site_name}</value></key><key name="meta_title_photo_useralbum"><value>{$albumName} (photo album by {$displayName}) - {$site_name}</value></key><key name="meta_title_photo_useralbums"><value>{$displayName}'s photo albums - {$site_name}</value></key><key name="mobile_choose_photo"><value>Choose photo</value></key><key name="mobile_photo"><value>Photo</value></key><key name="mobile_replace_photo"><value>Replace photo</value></key><key name="move_to_album"><value>Move to Album</value></key><key name="move_to_new_album"><value>Move photos to new album</value></key><key name="my_albums"><value>My Photo Albums</value></key><key name="newsfeed_album"><value>Newsfeed Photos</value></key><key name="newsfeed_album_error_msg"><value>You can't create an album with this name.</value></key><key name="next"><value>Next photo</value></key><key name="not_all_photos_uploaded"><value>Some photos were not uploaded because of excessive size or wrong format</value></key><key name="no_album_found"><value>No albums</value></key><key name="no_items"><value>No items</value></key><key name="no_photo"><value>No photo</value></key><key name="no_photo_found"><value>No photo found</value></key><key name="no_photo_selected"><value>No photo selected</value></key><key name="no_photo_uploaded"><value>No photos were uploaded because of excessive size or wrong format</value></key><key name="of"><value>of</value></key><key name="page_title_browse_photos"><value>Browse Photos</value></key><key name="page_title_uninstall"><value>Uninstall photo plugin</value></key><key name="page_title_user_albums"><value>{$user}'s photo albums</value></key><key name="pending_approval"><value>Pending Approval . . .</value></key><key name="permission_exceeded"><value>You only had enough credits to upload {$uploaded} photos out of {$count}. Buy more credits to upload the rest</value></key><key name="per_page"><value>Photos per page</value></key><key name="per_page_desc"><value>Browsing lists of photos and photo albums</value></key><key name="photo"><value>Photo</value></key><key name="photos_deleted"><value>Photos deleted</value></key><key name="photos_in_album"><value>{$total} photos</value></key><key name="photos_uploaded"><value>{$count} photos uploaded</value></key><key name="photos_uploaded_pending_approval"><value>The {$count} photos will be available shortly, pending approval.</value></key><key name="photo_added"><value>Added</value></key><key name="photo_album_updated"><value>Photo album saved</value></key><key name="photo_deleted"><value>Photo deleted</value></key><key name="photo_index"><value>Photo</value></key><key name="photo_list_widget"><value>Photos</value></key><key name="photo_not_deleted"><value>Photo NOT deleted</value></key><key name="photo_success_moved"><value>Photo(s) successfully moved</value></key><key name="photo_updated"><value>Photo updated</value></key><key name="photo_uploaded_pending_approval"><value>The photo will be available shortly, pending approval.</value></key><key name="photo_upload_error"><value>Photo upload error</value></key><key name="pic_number"><value>Pic #{$number}</value></key><key name="play_pause"><value>Play/Pause</value></key><key name="please_wait"><value>Please wait while previously photo is being uploaded</value></key><key name="plugin_set_for_uninstall"><value>Photo plugin uninstall initiated.</value></key><key name="preview_size"><value>Preview image size</value></key><key name="preview_size_desc"><value>The photo size to display on page</value></key><key name="previous"><value>Previous photo</value></key><key name="privacy_action_view_album"><value>View my photo albums</value></key><key name="quotas"><value>Limits</value></key><key name="quota_exceeded"><value>You have exceeded the limit of {$limit} photos</value></key><key name="rating"><value>Rating</value></key><key name="rating_total"><value>(Total {$count})</value></key><key name="rating_your"><value>(Total {$count}. Your is {$score})</value></key><key name="recently_uploaded"><value>Recently uploaded photos</value></key><key name="remove_from_featured"><value>Remove from Featured</value></key><key name="save_as_avatar"><value>Save as Avatar</value></key><key name="save_as_cover"><value>Save as Album Cover</value></key><key name="search_invitation"><value>Search text, @username or #hashtag</value></key><key name="search_result_empty"><value>No items found</value></key><key name="select_one_photo_warning"><value>Select only 1 photo to set the cover</value></key><key name="settings_updated"><value>Settings updated</value></key><key name="set_as_album_cover"><value>Set as album cover</value></key><key name="set_as_cover_label"><value>Set as Album Cover</value></key><key name="show_by"><value>Show</value></key><key name="simple_upload"><value>Simple upload</value></key><key name="size_limit"><value>Photo "{$name}" file size cannot be greater than &lt;b&gt;{$size}&lt;/b&gt; Mb</value></key><key name="slideshow_interval"><value>Slideshow time:&amp;nbsp;</value></key><key name="slideshow_settings"><value>Settings</value></key><key name="status_changed"><value>Photo status changed</value></key><key name="store_fullsize"><value>Store full-size photos</value></key><key name="store_full_size"><value>Show and store full-size photos</value></key><key name="tags"><value>Tags</value></key><key name="tags_desc"><value>Comma-separated</value></key><key name="tag_search"><value>Tag search</value></key><key name="tag_search_result"><value>Tag search result for:</value></key><key name="tb_edit_photo"><value>Edit photo</value></key><key name="total_albums"><value>{$total} albums total</value></key><key name="to_small_cover_img"><value>This photo is too small to be set as the album cover. Minimum size is 330x330</value></key><key name="type_error"><value>Invalid file type. {$name}</value></key><key name="uninstall_inprogress"><value>In progress</value></key><key name="uninstall_inprogress_desc"><value>Please wait while all photo content is being removed. This make take awhile depending on the number of photos on your site.</value></key><key name="upload"><value>Upload</value></key><key name="upload_ini_value"><value>(Server limit: {$value})</value></key><key name="upload_photos"><value>Upload photos</value></key><key name="upload_settings"><value>Upload Settings</value></key><key name="usercredits_action_add_comment"><value>Comment photo</value></key><key name="usercredits_action_add_photo"><value>Add photo</value></key><key name="user_photo_albums_widget"><value>Photo Albums</value></key><key name="user_quota"><value>Maximum number of photos for user</value></key><key name="user_quota_desc"><value>Keep this number reasonably big</value></key><key name="view_fullsize"><value>View full-size</value></key><key name="view_settings"><value>View Settings</value></key><key name="view_user_albums"><value>View all user albums</value></key><key name="width_validation_error"><value>Width must be a valid integer between {$min} and {$max}</value></key><key name="album_description"><value>{$desc} ({$count})</value></key>
    <key name="photo_sitemap"><value>Photos</value></key>
    <key name="seo_meta_section"><value>Photo</value></key>
    <key name="seo_meta_tagged_list_label"><value>All Tagged Photos Page</value></key>
    <key name="meta_title_tagged_list"><value>{$tag} photos | {$site_name}</value></key>
    <key name="meta_desc_tagged_list"><value>The list of all photos tagged "{$tag}" at {$site_name}.</value></key>
    <key name="meta_keywords_tagged_list"><value></value></key>
    <key name="seo_meta_photo_list_label"><value>Photos by List Type (Latest / Top Rated / Most Discussed) Page</value></key>
    <key name="meta_title_photo_list"><value>{$list_type} photos | {$site_name}</value></key>
    <key name="meta_desc_photo_list"><value>All {$list_type} photos at {$site_name}</value></key>
    <key name="meta_keywords_photo_list"><value></value></key>
    <key name="list_type_label_featured"><value>Featured</value></key>
    <key name="list_type_label_latest"><value>Latest</value></key>
    <key name="list_type_label_toprated"><value>Top rated</value></key>
    <key name="list_type_label_tagged"><value>Tagged</value></key>
    <key name="list_type_label_most_discussed"><value>Most discussed</value></key>
    <key name="seo_meta_user_albums_label"><value>Individual Member's Photo Albums Page</value></key>
    <key name="meta_title_user_albums"><value>Photo albums by {$user_name} | {$site_name}</value></key>
    <key name="meta_desc_user_albums"><value>View all photo albums uploaded by {$user_name} on {$site_name}.</value></key>
    <key name="meta_keywords_user_albums"><value></value></key>
    <key name="seo_meta_user_album_label"><value>Individual Member's Specific Photo Album Page</value></key>
    <key name="meta_title_user_album"><value>"{$album_name}" photo album by {$user_name} | {$site_name}</value></key>
    <key name="meta_desc_user_album"><value>View all photos in "{$album_name}" uploaded by {$user_name} on {$site_name}.</value></key>
    <key name="meta_keywords_user_album"><value></value></key>
    <key name="seo_meta_user_photos_label"><value>Individual Member's Specific Photo Album Page</value></key>
    <key name="meta_title_user_photos"><value>All photos by {$user_name} | {$site_name}</value></key>
    <key name="meta_desc_user_photos"><value>View all photos uploaded by {$user_name} on {$site_name}.</value></key>
    <key name="meta_keywords_user_photos"><value></value></key>
    <key name="seo_meta_photo_view_label"><value>Specific Photo Page</value></key>
    <key name="meta_title_photo_view"><value>View "{$photo_id}" photo by {$user_name} | {$site_name}</value></key>
    <key name="meta_desc_photo_view"><value>View photo "{$photo_id}" uploaded by {$user_name} on {$site_name}.</value></key>
    <key name="meta_keywords_photo_view"><value></value></key>
</prefix>
